,ano,mes,qtd,distancia,calorias
0,2021,1,23,61.23999999999999,5891.0
1,2021,2,22,77.40000000000002,5776.0
2,2021,3,21,58.949999999999996,5549.0
3,2021,4,29,76.61999999999999,7661.0
4,2021,5,18,61.330000000000005,5876.0
5,2021,6,16,53.67999999999999,5207.0
6,2021,7,18,58.11999999999999,5746.0
7,2021,8,17,56.14,5403.0
8,2021,9,21,59.26,5528.0
9,2021,10,17,43.419999999999995,4126.0
10,2021,11,22,49.36,4737.0
11,2021,12,14,48.88,4630.0
