,ano,mes,qtd,distancia,calorias
0,2022,1,17,49.410000000000004,4713.032455444336
1,2022,2,13,32.58,3075.793067932129
2,2022,3,17,33.78,3187.5464630126953
3,2022,4,14,23.96,2262.646156311035
4,2022,5,13,25.24,2409.011444091797
5,2022,6,4,19.97,1842.2606506347656
6,2022,7,6,26.87,2480.2542724609375
7,2022,8,18,44.589999999999996,4115.878963470459
8,2022,9,26,66.18,7777.660369873047
9,2022,10,19,47.94,6665.0
10,2022,11,26,51.230000000000004,8033.0
11,2022,12,24,69.16,9144.229034423828
